{
    "plddts": {
        "model_1_ptm_pred_0": 93.66699799732146,
        "model_2_ptm_pred_0": 93.33437424024567,
        "model_3_ptm_pred_0": 94.0196037136305,
        "model_4_ptm_pred_0": 94.37597733746675,
        "model_5_ptm_pred_0": 93.86324778122984
    },
    "order": [
        "model_4_ptm_pred_0",
        "model_3_ptm_pred_0",
        "model_5_ptm_pred_0",
        "model_1_ptm_pred_0",
        "model_2_ptm_pred_0"
    ]
}